Source	Target
Les pensées errantes	attraction
Les pensées errantes	personality
Les pensées errantes	philosophy
Les pensées errantes	religion
Les pensées errantes	Topic 0:[temps paraître encore]
Les pensées errantes	Topic 25:[point voir moins]
La reine de Golconde	gallantary
Elisabeth	love
Elisabeth	correspondence
Elisabeth	interaction
Elisabeth	sentimentalism
Elisabeth	sentiment
Elisabeth	Topic 0:[temps paraître encore]
Elisabeth	Topic 18:[point voir jour]
L’ami des enfans	aliment
L’ami des enfans	happiness
L’ami des enfans	family
L’ami des enfans	nature
L’ami des enfans	night
L’ami des enfans	sociability
Vathek	aliment
Vathek	miracle
Vathek	death
Vathek	nature
Vathek	night
Vathek	romantic relationship
Vathek	sociability
Vathek	travel
Anna Grenwil	sentimentalism
Anna Grenwil	sentiment
Henriette et Edouard	love
Henriette et Edouard	sentimentalism
Les enfans de la nature	shipwrecking
Les enfans de la nature	pedagogy
Les enfans de la nature	philosophy
Les enfans de la nature	sentiment
Rosebelle	sentiment
Eugénio et Virginia	love
Eugénio et Virginia	melancholia
Eugénio et Virginia	sentimentalism
Mémoires historiques	travel
Les filles femmes et les femmes filles	libertinism
La fortune	mores
Histoire d’Ema	education
Roman oriental	miracle
Le livre d’airain	mores
Le livre d’airain	philosophy
Le livre d’airain	travel
Mes principes	sentiment
L’isle taciturne et l’isle enjouée	travel
Histoire amoureuse de Pierre Le Long	sentiment
Célianne	love
Célianne	sentiment
Célianne	virtue
Lettres du colonel Talbert	sentiment
Joseph, en neuf chants	bible
Agathe et Isidore	sentiment
Le catéchumène	travel
Sophronie	love
Sophronie	sentiment
Mémoires de Lucie d’Olbery	sentiment
Mémoires de Lucie d’Olbery	virtue
L’erreur des désirs	melancholia
L’erreur des désirs	sentimentalism
L’erreur des désirs	sentiment
Ecole du monde	mores
Folie de la prudence humaine	sentiment
Mémoires d’un Languedocien	travel
Les amours de l’Ange-lure	court
Les heureux malheurs	unhappiness
Les heureux malheurs	passion
Les heureux malheurs	sentimentalism
Les heureux malheurs	sentiment
Guillaume, en dix chants	love
Guillaume, en dix chants	history
Guillaume, en dix chants	court
La comète	mores
La comète	morality
Toni et Clairette	education
Toni et Clairette	sentimentalism
Toni et Clairette	sentiment
Toni et Clairette	travel
Les suites d’un moment d’erreur	family
Les suites d’un moment d’erreur	sentimentalism
Frédégonde et Brunehaut	sentimentalism
Lettres de mademoiselle de Boismiran	love
Lettres de mademoiselle de Boismiran	sentimentalism
Lettres de mademoiselle de Boismiran	virtue
Milord d’Ambi	sentimentalism
Milord d’Ambi	sentiment
Voyage de Monacht-Apé	mores
Voyage de Monacht-Apé	travel
Le prix de la vertu	sentimentalism
Le prix de la vertu	virtue
Correspondance d’un jeune militaire	mores
Correspondance d’un jeune militaire	sentiment
Mémoires de Fanny Spingler	unhappiness
Mémoires de Fanny Spingler	melancholia
Mémoires de Fanny Spingler	sentimentalism
Mémoires de Fanny Spingler	sentiment
Le colporteur	mores
Ollivier	travel
Le diable amoureux	attraction
Le diable amoureux	migration
Le diable amoureux	miracle
Le diable amoureux	death
Le diable amoureux	night
Le diable amoureux	personality
Le diable amoureux	travel
Le diable amoureux	Topic 0:[temps paraître encore]
Les liaisons dangereuses	love
Les liaisons dangereuses	happiness
Les liaisons dangereuses	correspondence
Les liaisons dangereuses	interaction
Les liaisons dangereuses	libertinism
Les liaisons dangereuses	sentiment
Les liaisons dangereuses	Topic 0:[temps paraître encore]
Lettres écrites de Lausanne	attraction
Lettres écrites de Lausanne	happiness
Lettres écrites de Lausanne	correspondence
Lettres écrites de Lausanne	education
Lettres écrites de Lausanne	family
Lettres écrites de Lausanne	night
Lettres écrites de Lausanne	personality
Lettres écrites de Lausanne	sentiment
Les trois femmes	attraction
Les trois femmes	education
Les trois femmes	childhood
Les trois femmes	family
Les trois femmes	interaction
Les trois femmes	night
Les trois femmes	personality
Les trois femmes	sentiment
Henriette et Edouard	love
Henriette et Edouard	sentimentalism
Lioncel	revolution
Les aventures de Cléon	morality
Les aventures de Cléon	sentiment
Les amours et avantures de sir Nigaudinet	morality
Les amours et avantures de sir Nigaudinet	everyday life
Le chevalier noir	chivalry
Le chevalier noir	war
Le chevalier noir	history
Le chevalier noir	melancholia
Cela est singulier	mores
Cela est singulier	virtue
Ma-gakou	miracle
Ma-gakou	travel
Minakalis	gallantary
Minakalis	miracle
Minakalis	mores
Mémoires d’une honnête femme	travel
Le quart d’heure d’une jolie femme	gallantary
L’oracle de Cithère	sentiment
La baronne de Saint Clair	sentiment
Les amans philosophes	love
Les amans philosophes	sentiment
Madame la comtesse de Montglas	unhappiness
Madame la comtesse de Montglas	sentimentalism
L’amant salamandre	love
L’amant salamandre	unhappiness
Zélaskim	philosophy
Zélaskim	sentiment
Le miroir fidèle	mores
Le lord impromptu	nature
L’orphelin normand	sentimentalism
L’orphelin normand	virtue
Belise	love
Belise	family
Belise	sentimentalism
Zingha, reine d’Angola	history
Zingha, reine d’Angola	politics
L’élu et son président	family
L’élu et son président	mores
Le soupé des petits-maitres	gallantary
Le soupé des petits-maitres	mores
Histoire de Fortunatus	miracle
Histoire de Jean de Calais	sentiment
Nouvelle histoire de Pierre de Provence	chivalry
Nouvelle histoire de Pierre de Provence	sentiment
Le mendiant boiteux	philosophy
Lieb-Rose	miracle
Lieb-Rose	travel
Lettres africaines	love
Lettres africaines	sentimentalism
Lettres africaines	slavery
L’aveugle qui refuse de voir	philosophy
Journées mogoles	gallantary
Voyage de la raison en Europe	mores
Voyage de la raison en Europe	travel
Odazir	mores
Odazir	philosophy
Odazir	sentiment
Odazir	travel
Le triomphe de l’amour	mores
Le duc d’Arnay	passion
Le duc d’Arnay	sentimentalism
Le duc d’Arnay	sentiment
L’écu de six francs	mores
Lettres du chevalier de Saint-Alme	sentimentalism
Les erreurs d’une jolie femme	gallantary
Les infortunes du chevalier de la Lande	unhappiness
Les infortunes du chevalier de la Lande	nature
Les infortunes du chevalier de la Lande	passion
Les infortunes du chevalier de la Lande	sentimentalism
Le danger d’une première faute	love
Le danger d’une première faute	sentimentalism
Le danger d’une première faute	court
Les dangers d’un premier choix	love
Les dangers d’un premier choix	morality
Les Morlaques	sentiment
La marquise de Ben***	unhappiness
La marquise de Ben***	passion
La marquise de Ben***	sentimentalism
La marquise de Ben***	sentiment
Le géant Isoire	love
Le géant Isoire	politics
Le géant Isoire	travel
Le dernier cri du monstre	politics
Bibliothèque des villages	court
Cyane	passion
Cyane	sentimentalism
Cyane	sentiment
Ferdinand Vertamont	gallantary
Ferdinand Vertamont	travel
Félix et Pauline	love
Félix et Pauline	unhappiness
Félix et Pauline	nature
Félix et Pauline	sentimentalism
Félix et Pauline	virtue
Valmidor et Florella	sentiment
Valmidor et Florella	travel
Triomphe de la saine philosophie	sentimentalism
Triomphe de la saine philosophie	sentiment
Triomphe de la saine philosophie	virtue
Le rêveur sentimental	nature
Le rêveur sentimental	sentimentalism
Le rêveur sentimental	virtue
Pauline et moi	gallantary
Rose	nature
Rose	sentimentalism
Rose	sentiment
Le roman de Merlin l’enchanteur	chivalry
Le roman de Merlin l’enchanteur	miracle
Antonio	love
Antonio	unhappiness
Antonio	sentimentalism
Le sort des femmes	sentiment
Le sort des femmes	court
Célestine	unhappiness
Félicie de Vilmard	nature
Félicie de Vilmard	sentimentalism
Félicie de Vilmard	virtue
Félicie de Vilmard	travel
Laurence de Sainte-Beuve	sentimentalism
Nelson	family
Nelson	sentimentalism
Le pacha	love
Le pacha	politics
Moïna	sentimentalism
Moïna	sentiment
Canino La tribu indienne	nature
Canino La tribu indienne	sentimentalism
Canino La tribu indienne	sentiment
L’enfant de mon père	gallantary
Ah! quel conte!	gallantary
Ah! quel conte!	miracle
La nuit et le moment	love
La nuit et le moment	attraction
La nuit et le moment	gallantary
La nuit et le moment	interaction
La nuit et le moment	libertinism
La nuit et le moment	night
La nuit et le moment	personality
La nuit et le moment	sentiment
La nuit et le moment	Topic 0:[temps paraître encore]
Lettres athéniennes	gallantary
Lettres athéniennes	morality
Les sacrifices de l’amour	love
Les sacrifices de l’amour	happiness
Les sacrifices de l’amour	correspondence
Les sacrifices de l’amour	crime
Les sacrifices de l’amour	mourning
Les sacrifices de l’amour	sentimentalism
Les sacrifices de l’amour	sentiment
Les malheurs de l’inconstance	unhappiness
Les malheurs de l’inconstance	sentimentalism
Les malheurs de l’inconstance	sentiment
Laure	love
Laure	attraction
Laure	happiness
Laure	correspondence
Laure	interaction
Laure	personality
Laure	sentimentalism
Laure	Topic 0:[temps paraître encore]
Mémoires de madame de Warens	love
Mémoires de madame de Warens	happiness
Mémoires de madame de Warens	mourning
Mémoires de madame de Warens	politics
Mémoires de madame de Warens	wealth
Mémoires de madame de Warens	sentiment
Mémoires de madame de Warens	Topic 0:[temps paraître encore]
Jacques le fataliste et son maître	aliment
Jacques le fataliste et son maître	mourning
Jacques le fataliste et son maître	gallantary
Jacques le fataliste et son maître	interaction
Jacques le fataliste et son maître	migration
Jacques le fataliste et son maître	night
Jacques le fataliste et son maître	philosophy
Jacques le fataliste et son maître	sociability
Jacques le fataliste et son maître	travel
La religieuse	correspondence
La religieuse	mourning
La religieuse	family
La religieuse	interaction
La religieuse	unhappiness
La religieuse	night
La religieuse	philosophy
Œuvres de Denis Diderot	crime
Œuvres de Denis Diderot	family
Œuvres de Denis Diderot	nature
Œuvres de Denis Diderot	philosophy
Œuvres de Denis Diderot	Topic 25:[point voir moins]
Claire d’Albe	love
Claire d’Albe	happiness
Claire d’Albe	correspondence
Claire d’Albe	mourning
Claire d’Albe	death
Claire d’Albe	sentimentalism
Claire d’Albe	sentiment
Claire d’Albe	virtue
Malvina	unhappiness
Malvina	melancholia
Malvina	sentimentalism
Malvina	virtue
Lycas et Chloé	sentiment
Adelphine de Rostanges	family
Adelphine de Rostanges	unhappiness
Adelphine de Rostanges	sentimentalism
Adelphine de Rostanges	virtue
Souvenirs de mylady Cartemane	morality
Souvenirs de mylady Cartemane	sentiment
Ma tante Geneviève	eroticism
Les quatre cousins	philosophy
Les quatre cousins	sentimentalism
Les quatre cousins	travel
Les plaisirs secrets d’Angélique	gallantary
Les plaisirs secrets d’Angélique	libertinism
Histoire de Ruspia	mores
Histoire de Ruspia	sentiment
L’heureuse victime	sentiment
Nine	love
Nine	sentimentalism
Sophie	gallantary
Suite de l’histoire du chevalier des Grieux	travel
Floricourt	libertinism
Floricourt	sentimentalism
Floricourt	virtue
L’enfant trouvé	unhappiness
L’enfant trouvé	sentimentalism
Le hazard du coin du feu	gallantary
Mémoires d’Azéma	travel
L’humanité récompensée par l’amour	sentiment
L’humanité	history
Lettres du chevalier de Saint-Alme	sentiment
Les amans républicains	morality
Les amans républicains	politics
Les amans républicains	sentimentalism
Les amans républicains	sentiment
Les amans républicains	travel
Fragment de Xénophon	politics
Les quatre fils d’Aymon	chivalry
Les voyages d’Amour, fils de Vénus	gallantary
Lettres de mistriss Henley	unhappiness
Lettres de mistriss Henley	sentimentalism
Lettres de mistriss Henley	sentiment
Lettres neuchâteloises	sentiment
Les voyages du (sic) lord Henri	travel
Palémon	love
Palémon	nature
Palémon	sentimentalism
Caliste	sentimentalism
Caliste	sentiment
Casanova de Seingalt	philosophy
Casanova de Seingalt	travel
Areas	politics
Anna	morality
Anna	philosophy
Anna	sentimentalism
Anna	sentiment
Lettres d’un Indien à Paris	mores
Lettres d’un Indien à Paris	travel
Démétrius	education
Démétrius	war
Démétrius	politics
Démétrius	travel
Lettres trouvées	sentiment
Alfrede	travel
Martial	love
Lilasie	gallantary
Lilasie	unhappiness
Lilasie	sentiment
Lilasie	travel
Lilasie	slavery
Henriette et Emma	sentimentalism
Henriette et Emma	sentiment
Histoire d’une famille	family
Le pacha	love
Le pacha	politics
Mon voyage	mores
Mon voyage	travel
Les orphelines de Flower-Garden	sentimentalism
Les orphelines de Flower-Garden	sentiment
Le nouveau diable boiteux	mores
Alberti	sentimentalism
Zély	love
Zély	attraction
Zély	happiness
Zély	interaction
Zély	personality
Zély	sentiment
Zély	Topic 0:[temps paraître encore]
Claris de Galatée	art
Claris de Galatée	happiness
Claris de Galatée	mourning
Claris de Galatée	migration
Claris de Galatée	pastorale in litterature
Claris de Galatée	sentiment
Claris de Galatée	travel
Claris de Galatée	Locus amoenus
Claris de Estelle	happiness
Claris de Estelle	mourning
Claris de Estelle	monarchy
Claris de Estelle	nature
Claris de Estelle	pastorale in litterature
Claris de Estelle	sentiment
Claris de Estelle	Locus amoenus
La dot de Suzette	love
La dot de Suzette	attraction
La dot de Suzette	happiness
La dot de Suzette	family
La dot de Suzette	interaction
La dot de Suzette	unhappiness
La dot de Suzette	personality
La dot de Suzette	sentimentalism
La dot de Suzette	sentiment
La dot de Suzette	virtue
Les cinquante francs de Jeannette	attraction
Les cinquante francs de Jeannette	happiness
Les cinquante francs de Jeannette	family
Les cinquante francs de Jeannette	interaction
Les cinquante francs de Jeannette	unhappiness
Les cinquante francs de Jeannette	nature
Les cinquante francs de Jeannette	night
Les cinquante francs de Jeannette	personality
Les cinquante francs de Jeannette	sentimentalism
Les cinquante francs de Jeannette	virtue
Sélinde	sentiment
Mémoires	gallantary
Mémoires	mores
La mère marâtre	court
La toilette du philosophe	passion
Le triomphe de l’amitié	sentimentalism
Le triomphe de l’amitié	travel
Mémoires de monsieur de Berval	family
Abbassai	morality
Abbassai	sentimentalism
Abbassai	sentiment
Le miroir des princesses orientales	love
Les préjugés trop bravés et trop suivis	love
La princesse de Gonsague	love
La princesse de Gonsague	sentiment
La dernière guerre des bêtes	politics
L’ Arretin	mores
Lettres du marquis de Roselle	sentiment
Je suis pucelle	love
Je suis pucelle	virtue
Mémoires de milady Worthon	unhappiness
Mémoires de milady Worthon	melancholia
Mémoires de milady Worthon	passion
Mémoires de milady Worthon	sentimentalism
Mémoires de milady Worthon	sentiment
Les effets des passions	love
Les effets des passions	melancholia
Les effets des passions	passion
Les effets des passions	sentimentalism
La république des philosophes	travel
Les pressentiments justifiés	unhappiness
Les pressentiments justifiés	sentiment
La bergère	sentiment
Histoire d’Agathe de St. Bohaire	love
Histoire d’Agathe de St. Bohaire	family
Histoire d’Agathe de St. Bohaire	unhappiness
Histoire d’Agathe de St. Bohaire	sentimentalism
Histoire d’Agathe de St. Bohaire	sentiment
Naufrage et aventures de M. Pierre Viaud	shipwrecking
Le début	gallantary
Le début	sentimentalism
Mémoires de M. le marquis de S. Forlaix	unhappiness
Mémoires de M. le marquis de S. Forlaix	sentiment
Anecdotes de la cour	sentiment
Anecdotes de la cour	court
Aristide	morality
Aristide	politics
Aristide	sentimentalism
Aristide	virtue
M. l’abbé Duval-Pyrau	politics
Edelzinde	war
Edelzinde	history
Edelzinde	politics
Edelzinde	sentiment
Langle Amours	sentimentalism
Langle Amours	sentiment
Langle Amours	travel
Numa Pompilius	war
L’humanité	melancholia
L’humanité	sentimentalism
L’humanité	sentiment
L’humanité	travel
Lettres de Sophie et du chevalier de **	gallantary
Lettres de Sophie et du chevalier de **	sentimentalism
Lettres de Sophie et du chevalier de **	sentiment
Imirce	aliment
Imirce	art
Imirce	family
Imirce	pastorale in litterature
Imirce	sociability
Imirce	Locus amoenus
Imirce	Topic 18:[point voir jour]
La destinée	unhappiness
La destinée	melancholia
La destinée	sentimentalism
Le mariage du siècle	mores
Le mariage du siècle	passion
Le mariage du siècle	sentimentalism
Le mariage du siècle	virtue
Mémoires du chevalier de Gonthieu	love
Mémoires du chevalier de Gonthieu	melancholia
Mémoires du chevalier de Gonthieu	sentimentalism
Le compère Mathieu	mores
Le compère Mathieu	philosophy
Le compère Mathieu	travel
Les orphelins	sentimentalism
Les orphelins	sentiment
Les orphelins	virtue
Lettres d’Affi à Zurac	mores
Lettres d’Affi à Zurac	sentiment
Lettres d’Affi à Zurac	travel
L’antipapisme révélé	travel
Métamorphoses de l’amour	gallantary
Métamorphoses de l’amour	court
Lettres de la duchesse de *** au duc de ***	love
Le mariage, par monsieur C***	sentiment
Mémoires	love
Mémoires	unhappiness
Mémoires	passion
Mémoires	sentimentalism
Dorval	sentimentalism
Dorval	sentiment
Mémoires de Victoire	gallantary
Les deux reines	sentimentalism
Les deux reines	virtue
Mémoires d’un Américain	unhappiness
Mémoires d’un Américain	sentimentalism
Mémoires d’un Américain	travel
Lettres du baron d’OIban	sentimentalism
Lettres du baron d’OIban	sentiment
Le palais de la frivolité	mores
Colette	sentimentalism
Colette	virtue
La confiance trahie	sentiment
Le libertin devenu vertueux	travel
Sophie	unhappiness
Histoire d’un pou françois	politics
Dominique Vivant	gallantary
Alexandrine	sentimentalism
Alexandrine	virtue
Le mari sentimental	unhappiness
Le mari sentimental	sentimentalism
Le mari sentimental	sentiment
Ancienne chronique de Gérard d’Euphrate	chivalry
Ancienne chronique de Gérard d’Euphrate	miracle
Le triomphe de la nature	sentiment
Le triomphe de la nature	virtue
L’école des filles	family
La dernière Héloïse	love
La dernière Héloïse	unhappiness
La dernière Héloïse	sentimentalism
La dernière Héloïse	travel
Baby-Bambou	miracle
Cléomene	sentiment
Cléomene	travel
Zélie dans le désert	shipwrecking
Zélie dans le désert	sentimentalism
Misogug	gallantary
Le comte de Tersanc	gallantary
Le comte de Tersanc	sentiment
Supplément à l’histoire de Zélie	melancholia
Supplément à l’histoire de Zélie	sentimentalism
Jérôme Sharp	mores
Jérôme Sharp	nature
Jérôme Sharp	philosophy
Jérôme Sharp	travel
Lettres de la comtesse de..…	passion
Lettres de la comtesse de..…	politics
Célestina	gallantary
Célestina	sentiment
Célestina	travel
Vintzenried	travel
Ma république	philosophy
Ma république	politics
Confidence d’un jeune homme	love
Confidence d’un jeune homme	passion
Confidence d’un jeune homme	sentimentalism
La fille hussard	love
Lettres parisiennes	love
Lettres parisiennes	attraction
Lettres parisiennes	happiness
Lettres parisiennes	interaction
Lettres parisiennes	morality
Lettres parisiennes	personality
Lettres parisiennes	sentiment
Lettres parisiennes	Topic 0:[temps paraître encore]
Voyage dans les espaces	art
Voyage dans les espaces	attraction
Voyage dans les espaces	death
Voyage dans les espaces	nature
Voyage dans les espaces	personality
Voyage dans les espaces	travel
Voyage dans les espaces	Topic 0:[temps paraître encore]
Le comte de Valmont	love
Le comte de Valmont	philosophy
Le comte de Valmont	religion
Le comte de Valmont	sentimentalism
Le comte de Valmont	sentiment
Le comte de Valmont	virtue
Le comte de Valmont	Topic 0:[temps paraître encore]
Le comte de Valmont	Topic 25:[point voir moins]
Adèle et Théodore	attraction
Adèle et Théodore	happiness
Adèle et Théodore	correspondence
Adèle et Théodore	education
Adèle et Théodore	childhood
Adèle et Théodore	personality
Adèle et Théodore	sentimentalism
Adèle et Théodore	virtue
Adèle et Théodore	Topic 13:[chevalier voir mot]
Nouveau voyage sentimental	aliment
Nouveau voyage sentimental	attraction
Nouveau voyage sentimental	night
Nouveau voyage sentimental	personality
Nouveau voyage sentimental	romantic relationship
Nouveau voyage sentimental	sociability
Nouveau voyage sentimental	travel
Nouveau voyage sentimental	Topic 0:[temps paraître encore]
Les chevaliers du cygne	love
Les chevaliers du cygne	happiness
Les chevaliers du cygne	chivalry
Les chevaliers du cygne	mourning
Les chevaliers du cygne	death
Les chevaliers du cygne	sentimentalism
Les chevaliers du cygne	sentiment
Les chevaliers du cygne	Topic 13:[chevalier voir mot]
Floris	love
Le solitaire des Pyrénées	sentimentalism
Le solitaire des Pyrénées	travel
Les mères rivales	family
Les mères rivales	sentimentalism
Les amans vendéens	love
Les amans vendéens	unhappiness
Synaïb et Zora	unhappiness
Les voyages de Rolando	mores
Mémoires de Cécile	sentiment
Le voyage de Mantes	gallantary
Carmentière	gallantary
Carmentière	travel
Mémoires du chevalier d’Erban	unhappiness
Mémoires du chevalier d’Erban	sentimentalism
Mémoires du comte de Baneston	sentimentalism
La baguette mystérieuse	gallantary
La baguette mystérieuse	virtue
Confession générale du chevalier de Wilfort	gallantary
Le mage de Chica	education
Le mage de Chica	war
Le mage de Chica	miracle
Les céramiques	sentiment
Les céramiques	travel
Lettres et mémoires	sentiment
Lettres et mémoires	court
Les promenades et rendez-vous	gallantary
L’optique	mores
L’enfantement de Jupiter	gallantary
L’enfantement de Jupiter	travel
L’espion chinois	mores
L’espion chinois	philosophy
La philosophe par amour	love
La philosophe par amour	sentimentalism
La philosophe par amour	sentiment
Candidamentor	mores
Œuvres diverses de M. Ailé	politics
Conte oriental	love
Mémoires du chevalier de Kilpar	melancholia
Mémoires du chevalier de Kilpar	sentimentalism
Mémoires du chevalier de Kilpar	travel
Mademoiselle de Mainville	family
Nadir	education
Nadir	virtue
Nadir	court
Les familles de Darius et d’Hidarne	love
Les familles de Darius et d’Hidarne	unhappiness
Les familles de Darius et d’Hidarne	melancholia
Les familles de Darius et d’Hidarne	sentimentalism
Histoire de monsieur de Vaubrun	unhappiness
Histoire de monsieur de Vaubrun	sentiment
Histoire de monsieur de Vaubrun	virtue
Numa Pompilius	miracle
Numa Pompilius	politics
Numa Pompilius	sentiment
Mémoires de sir George Wollap	shipwrecking
Mémoires de sir George Wollap	travel
L’homme errant fixé par la raison	sentiment
Lolotte et Fanfan	nature
Lolotte et Fanfan	shipwrecking
Lolotte et Fanfan	sentimentalism
Code du bonheur	morality
Ander-Can	politics
Ander-Can	travel
Miss Anysie	unhappiness
Miss Anysie	melancholia
Miss Anysie	passion
Miss Anysie	sentimentalism
Miss Anysie	sentiment
Les dangers de la coquetterie	gallantary
Les dangers de la coquetterie	sentimentalism
Alexis	unhappiness
Alexis	sentimentalism
Histoire du marquis de Séligni	sentimentalism
Histoire du marquis de Séligni	sentiment
Histoire du marquis de Séligni	travel
Honorine Derville	unhappiness
Les dévotions de madame de Betzhamooth	libertinism
L’oreille	miracle
L’oreille	travel
L’oreille	court
Madame la marquise de Montcornillon	eroticism
Les nymphes de Dyctyme	love
Petit-Jacques et Georgette	sentimentalism
Petit-Jacques et Georgette	travel
Saint-Flour et Justine	sentimentalism
Saint-Flour et Justine	sentiment
Saint-Flour et Justine	travel
Gonzalve de Cordoue	war
Gonzalve de Cordoue	history
Gonzalve de Cordoue	sentiment
Révolutions de l’Inde	gallantary
Victor	travel
Sinclair	love
Sinclair	unhappiness
Sinclair	sentimentalism
Georgeana	family
Georgeana	unhappiness
Madame Clémence de Villefort	love
Madame Clémence de Villefort	unhappiness
Madame Clémence de Villefort	sentimentalism
Cœlina	unhappiness
Cœlina	nature
Cœlina	sentimentalism
Cœlina	sentiment
Cœlina	virtue
La mort d’Azaël	bible
Le mariage de la sœur du diable	miracle
Azalaïs et le Gentil Aimar	war
Azalaïs et le Gentil Aimar	history
Azalaïs et le Gentil Aimar	sentiment
Frédéric	mores
Frédéric	sentimentalism
Frédéric	sentiment
Daïra	crime
Daïra	mourning
Daïra	melancholia
Daïra	migration
Daïra	death
Daïra	sentimentalism
Daïra	sentiment
Daïra	travel
Daïra	Topic 0:[temps paraître encore]
Lydia	love
Lydia	attraction
Lydia	happiness
Lydia	interaction
Lydia	personality
Lydia	sentiment
Lydia	Topic 0:[temps paraître encore]
Collection de romans et contes	correspondence
Collection de romans et contes	mourning
Collection de romans et contes	interaction
Collection de romans et contes	migration
Collection de romans et contes	travel
Collection de romans et contes	Topic 0:[temps paraître encore]
Sophie de Beauregard	love
Sophie de Beauregard	attraction
Sophie de Beauregard	happiness
Sophie de Beauregard	correspondence
Sophie de Beauregard	family
Sophie de Beauregard	personality
Sophie de Beauregard	sentiment
Zabeth	happiness
Zabeth	mourning
Zabeth	family
Zabeth	night
Zabeth	sentiment
Zabeth	Topic 0:[temps paraître encore]
Nella	family
Nella	sentimentalism
Le comte d’A****	travel
Suzette	sentiment
Le château d’Alvarino	mystery
Les arts et l’amitié	epistolary novel
Les arts et l’amitié	sentiment
Les arts et l’amitié	travel
Eulalie de Rochester	revolution
Eulalie de Rochester	sentimentalism
Lettres siamoises	mores
Lettres siamoises	politics
Lettres siamoises	court
Mémoires de Versorand	travel
La laideur aimable	sentimentalism
La laideur aimable	sentiment
La laideur aimable	virtue
Anecdotes de la cour de Bonhommie	miracle
Anecdotes de la cour de Bonhommie	court
Histoire secrette du prophète des Turcs	gallantary
Histoire secrette du prophète des Turcs	travel
Thoms (sic) Kenbrook.	sentiment
Thoms (sic) Kenbrook.	travel
Les aventures portugaises	gallantary
Mes fragments	love
Mes fragments	philosophy
Mes fragments	sentimentalism
Mémoires de niiledi B …	melancholia
Mémoires de niiledi B …	sentimentalism
Mémoires de niiledi B …	sentiment
Mémoires du comte de Guine par M***	sentimentalism
Mémoires du comte de Guine par M***	travel
Les succès d’un fat	gallantary
Dom Inigo de Pascarilla	travel
Les erreurs instructives	gallantary
Les erreurs instructives	sentimentalism
Rose	gallantary
Rose	sentimentalism
Rose	sentiment
Rose	virtue
Mémoires du marquis de Solanges	unhappiness
Mémoires du marquis de Solanges	sentimentalism
Mémoires du marquis de Solanges	sentiment
Les métamorphoses de la religieuse	unhappiness
Iphis et Aglaè	love
Iphis et Aglaè	melancholia
Iphis et Aglaè	sentimentalism
Iphis et Aglaè	sentiment
Les désordres de l’amour	gallantary
Histoire de Sophie de Francourt	gallantary
Histoire de Sophie de Francourt	mores
Histoire de Sophie de Francourt	sentimentalism
Histoire de Sophie de Francourt	sentiment
L’infortuné	melancholia
L’infortuné	sentimentalism
L’infortuné	travel
La nouvelle lune	miracle
Le bon fils	family
Le bon fils	unhappiness
Le bon fils	sentimentalism
Le bon fils	sentiment
Le bon fils	virtue
Lettres d’un philosophe sensible	mores
Lettres d’un philosophe sensible	sentimentalism
Le royalisme	love
La nouvelle Clarice	happiness
La nouvelle Clarice	family
La nouvelle Clarice	interaction
La nouvelle Clarice	unhappiness
La nouvelle Clarice	melancholia
La nouvelle Clarice	philosophy
La nouvelle Clarice	wealth
La nouvelle Clarice	sentimentalism
La nouvelle Clarice	Topic 0:[temps paraître encore]
La nouvelle Clémentine	unhappiness
La nouvelle Clémentine	passion
La nouvelle Clémentine	sentimentalism
La nouvelle Clémentine	sentiment
La comtesse d’Alibre	love
La comtesse d’Alibre	happiness
La comtesse d’Alibre	crime
La comtesse d’Alibre	mourning
La comtesse d’Alibre	unhappiness
La comtesse d’Alibre	death
La comtesse d’Alibre	sentimentalism
La comtesse d’Alibre	sentiment
La comtesse d’Alibre	virtue
L’aventurier françois	crime
L’aventurier françois	death
L’aventurier françois	philosophy
L’aventurier françois	romantic relationship
L’aventurier françois	travel
L’aventurier françois	Topic 0:[temps paraître encore]
L’aventurier françois	Topic 18:[point voir jour]
Lettres de deux amans habitans de Lyon	love
Lettres de deux amans habitans de Lyon	happiness
Lettres de deux amans habitans de Lyon	mourning
Lettres de deux amans habitans de Lyon	unhappiness
Lettres de deux amans habitans de Lyon	death
Lettres de deux amans habitans de Lyon	pastorale in litterature
Lettres de deux amans habitans de Lyon	sentimentalism
Lettres de deux amans habitans de Lyon	sentiment
Lettres de deux amans habitans de Lyon	Locus amoenus
Ainsi finissent les grandes passions	nature
Ainsi finissent les grandes passions	passion
Ainsi finissent les grandes passions	sentimentalism
Ainsi finissent les grandes passions	sentiment
Une année de la vie du chevalier de Faublas	mourning
Une année de la vie du chevalier de Faublas	gallantary
Une année de la vie du chevalier de Faublas	migration
Une année de la vie du chevalier de Faublas	death
Une année de la vie du chevalier de Faublas	night
Une année de la vie du chevalier de Faublas	travel
Une année de la vie du chevalier de Faublas	Topic 0:[temps paraître encore]
Le crime	attraction
Le crime	crime
Le crime	family
Le crime	personality
Le crime	romantic relationship
Le crime	Topic 0:[temps paraître encore]
La fin des amours du chevalier de Faublas	love
La fin des amours du chevalier de Faublas	happiness
La fin des amours du chevalier de Faublas	mourning
La fin des amours du chevalier de Faublas	gallantary
La fin des amours du chevalier de Faublas	night
La fin des amours du chevalier de Faublas	sentiment
La fin des amours du chevalier de Faublas	Topic 0:[temps paraître encore]
Le château de Duncam	unhappiness
Les hauts faits d’Esplandian	chivalry
Les hauts faits d’Esplandian	miracle
Cornichon et Toupette	miracle
Mourat et Turquia	sentimentalism
Mourat et Turquia	court
Civan, roi de Bungo	education
Le palais du silence	miracle
Le roman du jour	gallantary
Le roman du jour	virtue
Les erreurs de l’amour et de la vanité	sentiment
Voyage au labyrinthe du Jardin du Roi	travel
Léonille	love
Léonille	unhappiness
Léonille	sentimentalism
Lettres curieuses, instructives & amusantes	morality
Les sauvages de l’Europe	mores
Lettres d’Emerance à Lucie	sentiment
Les aventures d’un jeune-homme	sentimentalism
Les aventures d’un jeune-homme	sentiment
Histoire de miss Honora	family
Histoire de miss Honora	sentimentalism
Madame la baronne de Batteville	sentiment
L’heureuse famille	sentimentalism
L’heureuse famille	virtue
Mémoires d’une religieuse	unhappiness
Mémoires d’une religieuse	sentiment
La reine de Benni	love
La reine de Benni	miracle
La reine de Benni	politics
La reine de Benni	court
Les militaires au-dela du Gange	war
Lettres du chevalier d’Origny	gallantary
Lettres du chevalier d’Origny	unhappiness
Lettres du chevalier d’Origny	morality
Tobie	sentimentalism
La constance inimitable	love
La constance inimitable	sentimentalism
Histoire de monsieur de Vaubrun	travel
La Pariseïde	war
La Pariseïde	travel
Les amans vertueux	love
Les amans vertueux	philosophy
Les amans vertueux	sentimentalism
Les confidences d’une jolie femme	education
Les confidences d’une jolie femme	sentiment
Les égarements de l’amour	unhappiness
Les égarements de l’amour	sentimentalism
Les égarements de l’amour	sentiment
Les égarements de l’amour	virtue
Mémoires de miladi Varmonti	unhappiness
Mémoires de miladi Varmonti	mores
Mémoires de miladi Varmonti	sentimentalism
Mémoires de miladi Varmonti	virtue
Les deux frères	gallantary
L’isle inconnue	shipwrecking
Les aventures de Mathurin Bonice	philosophy
Les aventures de Mathurin Bonice	travel
Vie et amours d’un pauvre diable	travel
Mis Mac Rea	unhappiness
Mis Mac Rea	sentimentalism
Mis Mac Rea	sentiment
L’homme-sans-façon	mores
L’homme-sans-façon	travel
Lettres de madame de G***	travel
Blançay	sentimentalism
Blançay	sentiment
Jean le noir	mores
Jean le noir	travel
L’épouse rare	virtue
Victorine	unhappiness
Victorine	sentimentalism
Les aventures de messire Anselme	travel
Lidorie	chivalry
Lidorie	sentiment
Saint-Alme	unhappiness
Saint-Alme	melancholia
Saint-Alme	sentimentalism
Saint-Alme	sentiment
Tablettes sentimentales du bon Pamphile	travel
Stellino	sentimentalism
Stellino	sentiment
Le prince philosophe	travel
Le prince philosophe	court
Paulin	gallantary
Paulin	travel
Les aventures de Jérôme Lecocq	family
Les aventures de Jérôme Lecocq	unhappiness
Les aventures de Jérôme Lecocq	virtue
Hortense	gallantary
Tout s’arrange à la fin	melancholia
Tout s’arrange à la fin	sentimentalism
Tout s’arrange à la fin	sentiment
Tout s’arrange à la fin	travel
Lettres d’une jeune Vestale	love
Lettres d’une jeune Vestale	melancholia
Lettres d’une jeune Vestale	sentimentalism
Adolphe	unhappiness
Adolphe	sentimentalism
Adolphe	travel
Les petits émigrés	politics
Les petits émigrés	sentimentalism
Les petits émigrés	travel
Les vœux téméraires	sentiment
Cérano	love
Cérano	sentiment
Cérano	travel
Cérano	slavery
Matilde	love
Matilde	unhappiness
Matilde	sentimentalism
Matilde	travel
Praxile	miracle
Praxile	sentiment
Praxile	travel
Frondeabus, fils d’Herschell	miracle
Frondeabus, fils d’Herschell	mores
Frondeabus, fils d’Herschell	politics
La constance inimitable	virtue
Florello	unhappiness
Florello	nature
Florello	sentimentalism
Florello	sentiment
Florello	virtue
Valmore	love
Valmore	unhappiness
Valmore	sentimentalism
Les mannequins	politics
Les amants françois à Londres	mores
Mémoires de Rigobert Zapata	education
Mémoires de Rigobert Zapata	mores
Mémoires de Rigobert Zapata	philosophy
Suite de l’Aventurier françois	philosophy
Dolbreuse	love
Dolbreuse	unhappiness
Dolbreuse	melancholia
Dolbreuse	mores
Dolbreuse	nature
Dolbreuse	sentimentalism
Dolbreuse	virtue
Les folies philosophiques	miracle
Les folies philosophiques	philosophy
L’insuffisance de la vertu	sentiment
Olinde	libertinism
Le vicomte de Barjac	gallantary
Le vicomte de Barjac	mores
Seconde suite de l’Aventurier françois	miracle
Tableau des mœurs	unhappiness
Tableau des mœurs	sentimentalism
Madame la duchesse de Morsheim	gallantary
Madame la duchesse de Morsheim	mores
Mademoiselle de Baudéon	love
Mademoiselle de Baudéon	sentimentalism
Le philosophe parvenu	gallantary
Le philosophe parvenu	philosophy
Six semaines	gallantary
Une seule faute	sentiment
Une seule faute	travel
Le repentir	crime
Le repentir	sentimentalism
Le repentir	travel
Le Gil-Blas françois	shipwrecking
Le Gil-Blas françois	travel
Les heureux modèles	love
Les heureux modèles	sentimentalism
Les deux solitaires des Alpes	unhappiness
Charmansange	gallantary
Charmansange	politics
Charmansange	travel
La bergère d’Aranville	love
La bergère d’Aranville	unhappiness
Les tombeaux	philosophy
Le secret d’être heureux	philosophy
Virginie Bellemont	unhappiness
Virginie Bellemont	sentimentalism
Virginie Bellemont	travel
Le jeune sauvage dans la société	travel
Mélanie et Félicité	unhappiness
Mélanie et Félicité	sentimentalism
Mélanie et Félicité	sentiment
La pauvre rentière	unhappiness
La pauvre rentière	sentimentalism
Rosine	sentiment
Bélisaire	philosophy
Bélisaire	virtue
Les Incas	war
Les époux malheureux	love
Les époux malheureux	crime
Les époux malheureux	mourning
Les époux malheureux	family
Les époux malheureux	interaction
Les époux malheureux	unhappiness
Les époux malheureux	sentimentalism
Les époux malheureux	sentiment
Les époux malheureux	Topic 0:[temps paraître encore]
Voyage autour de ma chambre	art
Voyage autour de ma chambre	happiness
Voyage autour de ma chambre	death
Voyage autour de ma chambre	nature
Voyage autour de ma chambre	night
Le petit-maitre philosophe	gallantary
Les avis d’un père à son fils	education
Les avis d’un père à son fils	family
Les avis d’un père à son fils	mores
Les avis d’un père à son fils	sentiment
Voyage d’Alcimédon	sentimentalism
Le bal de Venise	gallantary
Le bal de Venise	sentimentalism
La nouvelle du jour	miracle
Le soldat parvenu	sentiment
Mémoires de Justine	gallantary
Mémoires de Justine	libertinism
L’ami de la fortune	history
L’ami de la fortune	politics
L’illustre païsan	politics
L’illustre païsan	sentiment
L’illustre païsan	travel
Le cabriolet	gallantary
Zélindor et Zaïre	sentiment
Zélindor et Zaïre	court
La brochure à la mode	gallantary
Origine des cabriolets	court
Les spectacles nocturnes	mores
Testament histori-morali-politique	gallantary
La Farfalla	gallantary
Fanni	love
Fanni	unhappiness
Fanni	sentimentalism
Les bonnets	travel
Les bonnets	court
La marquise de Los Valientes	morality
Euménie et Gondamir	sentiment
Euménie et Gondamir	court
Mahulem	melancholia
Mahulem	miracle
Mahulem	philosophy
Mahulem	sentimentalism
Sidnei et Silli	unhappiness
Sidnei et Silli	sentimentalism
Sidnei et Silli	virtue
Bathilde	love
Bathilde	unhappiness
Bathilde	sentimentalism
Clary	unhappiness
Clary	sentimentalism
Julie	unhappiness
Julie	sentimentalism
Lucie et Mélanie	melancholia
Lucie et Mélanie	sentimentalism
Lucie et Mélanie	sentiment
Nancy	melancholia
Nancy	sentimentalism
Nancy	virtue
Euphémie	sentimentalism
Histoire de madame d’Emeville	love
Histoire de madame d’Emeville	sentiment
Nitophar	gallantary
Nitophar	mores
Anne Bell	love
Anne Bell	melancholia
Anne Bell	sentimentalism
Sélicourt	love
Sélicourt	sentimentalism
Sélicourt	virtue
Le véridique	mores
Le véridique	travel
Jeannette	love
Jeannette	unhappiness
Jeannette	virtue
Lettres de miladi Lindsey	love
Lettres de miladi Lindsey	unhappiness
Mémoires de Clarence Welldone	family
Mémoires de Clarence Welldone	unhappiness
Mémoires de Clarence Welldone	sentimentalism
Mémoires de Clarence Welldone	sentiment
Amour vainqueur des préjugés	family
Amour vainqueur des préjugés	sentiment
L’honnête homme	virtue
Anna Rose-Tree	sentimentalism
Geneviève de Cornouailles	chivalry
Geneviève de Cornouailles	sentiment
Geneviève de Cornouailles	travel
Asgill	war
Naufrage des isles flottantes	love
Naufrage des isles flottantes	miracle
Naufrage des isles flottantes	monarchy
Naufrage des isles flottantes	nature
Naufrage des isles flottantes	pastorale in litterature
Naufrage des isles flottantes	sentiment
Naufrage des isles flottantes	Locus amoenus
Naufrage des isles flottantes	Topic 0:[temps paraître encore]
L’an deux mille quatre cent quarante	art
L’an deux mille quatre cent quarante	mores
L’an deux mille quatre cent quarante	monarchy
L’an deux mille quatre cent quarante	death
L’an deux mille quatre cent quarante	philosophy
L’an deux mille quatre cent quarante	wealth
Jezennemours	philosophy
Jezennemours	sentimentalism
Jezennemours	sentiment
Jezennemours	virtue
Ma conversion	attraction
Ma conversion	mourning
Ma conversion	eroticism
Ma conversion	libertinism
Ma conversion	night
Ma conversion	pastorale in litterature
Ma conversion	personality
Ma conversion	romantic relationship
Ma conversion	Locus amoenus
Secondât	love
Secondât	politics
Secondât	sentimentalism
Le rideau levé	happiness
Le rideau levé	libertinism
Le rideau levé	night
Le rideau levé	pastorale in litterature
Le rideau levé	philosophy
Le rideau levé	Locus amoenus
Le rideau levé	Topic 0:[temps paraître encore]
Entretiens philosophiques et politiques	love
Entretiens philosophiques et politiques	passion
Elise Duménil	love
Elise Duménil	unhappiness
Histoire de quatre Espagnols	sentiment
Opuscule d’un célèbre auteur égyptien	sentiment
Les délices du sentiment	sentimentalism
Les délices du sentiment	travel
Lettres du commandeur de ***	love
Lettres du commandeur de ***	unhappiness
Lettres du commandeur de ***	sentimentalism
Les femmes	gallantary
Les femmes	morality
Mémoires du marquis de Bénavidès	history
Mémoires du marquis de Bénavidès	court
Le triomphe de l’amour	love
Lettres galantes et morales	sentiment
La raison du temps	mores
Le pêcheur cru Norvégeois	love
Madame la marquise de Crémy	love
Madame la marquise de Crémy	family
Madame la marquise de Crémy	unhappiness
Madame la marquise de Crémy	sentimentalism
Le duo interrompu	sentiment
La sympathie	sentimentalism
La sympathie	sentiment
La sympathie	virtue
Songes philosophiques	morality
Songes philosophiques	philosophy
Songes philosophiques	virtue
Zambeddin	miracle
Histoire du cœur	sentimentalism
Histoire du cœur	sentiment
Le négociant infortuné	sentimentalism
Le négociant infortuné	travel
Songes d’un hermite	court
Dinville	love
Adelson et Salvini	melancholia
Adelson et Salvini	sentimentalism
Adelson et Salvini	sentiment
Sargines	love
Sargines	chivalry
Sargines	sentimentalism
Sargines	sentiment
Zénothémis	love
Zénothémis	unhappiness
Zénothémis	sentimentalism
Suite des Epreuves du sentiment	sentimentalism
Suite des Epreuves du sentiment	virtue
Suite des Nouvelles historiques	love
Suite des Nouvelles historiques	politics
Suite des Nouvelles historiques	sentimentalism
Dona Elmira	love
Dona Elmira	family
Dona Elmira	unhappiness
Dona Elmira	melancholia
Dona Elmira	passion
Dona Elmira	sentimentalism
Nouvelles historiques, tome premier	sentimentalism
Nouvelles historiques, tome premier	sentiment
Epreuves du sentiment, Lorezzo	love
Epreuves du sentiment, Lorezzo	nature
Epreuves du sentiment, Lorezzo	sentimentalism
Félicia	attraction
Félicia	gallantary
Félicia	interaction
Félicia	libertinism
Félicia	night
Félicia	personality
Félicia	romantic relationship
Félicia	Topic 0:[temps paraître encore]
Bergeries et opuscules	love
Bergeries et opuscules	happiness
Bergeries et opuscules	mourning
Bergeries et opuscules	pastorale in litterature
Bergeries et opuscules	sentiment
Bergeries et opuscules	Locus amoenus
Bergeries et opuscules	Topic 0:[temps paraître encore]
L’étourdi	love
L’étourdi	attraction
L’étourdi	interaction
L’étourdi	libertinism
L’étourdi	personality
L’étourdi	romantic relationship
L’étourdi	sentiment
L’étourdi	Topic 0:[temps paraître encore]
Les Aphrodites	eroticism
Les Aphrodites	interaction
Les Aphrodites	libertinism
Les Aphrodites	death
Les Aphrodites	night
Les Aphrodites	romantic relationship
Les Aphrodites	Topic 0:[temps paraître encore]
Irma	unhappiness
Irma	revolution
Irma	travel
Zulmée	sentiment
Vie, amours et aventures	morality
Vie, amours et aventures	passion
Vie, amours et aventures	sentiment
Mémoires anecdotiques	revolution
Mes premières étourderies	gallantary
Mes premières étourderies	sentimentalism
Mes premières étourderies	sentiment
Adèle et d’Abligny	love
Métusko	love
Métusko	history
Métusko	politics
Théodore	travel
Le financier	love
Les égarements de Julie	gallantary
Les égarements de Julie	libertinism
Les égarements de Julie	travel
Histoire de la marquise de Terville	love
Histoire de la marquise de Terville	unhappiness
Lettres d’Aspasie	mores
L’empire des passions	sentiment
La petite-nièce d’Eschyle	court
Henriette de Marconne	sentiment
La capucinade	libertinism
Lucette	gallantary
Lucette	libertinism
Les passions des différents âges	mores
Les passions des différents âges	sentiment
Ainsi va le monde	gallantary
Les mille et une folies	mores
Lettres illinoises	war
Lettres illinoises	passion
Lettres illinoises	sentimentalism
Lettres illinoises	sentiment
La paysanne pervertie	unhappiness
La paysanne pervertie	sentimentalism
Les malheurs de la jeune Émélie	unhappiness
Les malheurs de la jeune Émélie	sentimentalism
Les malheurs de la jeune Émélie	sentiment
Les malheurs de la jeune Émélie	virtue
La vertu chancelante	gallantary
La vertu chancelante	gallantary
La vertu chancelante	melancholia
La vertu chancelante	melancholia
La vertu chancelante	sentimentalism
La vertu chancelante	sentimentalism
La vertu chancelante	sentiment
La vertu chancelante	sentiment
Les îles fortunées	unhappiness
Les îles fortunées	shipwrecking
Les îles fortunées	sentimentalism
Les îles fortunées	virtue
Les îles fortunées	travel
Correspondance d’un jeune militaire	mores
Correspondance d’un jeune militaire	sentiment
Le voyage forcé	mores
Le voyage forcé	travel
Les foiblesses d’une jolie femme	sentiment
Les deux Abdolonyme	war
Les deux Abdolonyme	philosophy
Les deux Abdolonyme	travel
Les deux Abdolonyme	court
Les méprises	passion
Les méprises	sentimentalism
Les méprises	sentiment
Le lama amoureux	family
Mizrim	philosophy
Epreuves du sentiment, Liebman	love
Epreuves du sentiment, Liebman	unhappiness
Epreuves du sentiment, Liebman	sentimentalism
Epreuves du sentiment, Rosalie	unhappiness
Epreuves du sentiment, Rosalie	sentimentalism
Epreuves du sentiment, Ermance	love
Epreuves du sentiment, Ermance	unhappiness
Epreuves du sentiment, Ermance	sentimentalism
Célide	love
Célide	unhappiness
Célide	sentimentalism
Nouvelles historiques	family
Nouvelles historiques	sentimentalism
Épreuves du sentiment, D’Almanzi	nature
Épreuves du sentiment, D’Almanzi	sentimentalism
Histoire de Zulmie Warthei	family
Histoire de Zulmie Warthei	sentimentalism
Histoire de Zulmie Warthei	sentiment
Epreuves du sentiment, Makin	unhappiness
Epreuves du sentiment, Makin	nature
Epreuves du sentiment, Makin	sentimentalism
Epreuves du sentiment, Germeuil	sentimentalism
Nouvelles historiques, tome second	sentimentalism
Nouvelles historiques, tome second	sentiment
Epreuves du sentiment, Pauline et Suzette	sentimentalism
La vertu chancelante	gallantary
La vertu chancelante	melancholia
La vertu chancelante	sentimentalism
La vertu chancelante	sentiment
Lettres du marquis de Sézannes	sentimentalism
Lettres du marquis de Sézannes	sentiment
Epreuves du sentiment, Daminville	love
Epreuves du sentiment, Daminville	unhappiness
Epreuves du sentiment, Daminville	sentimentalism
Sophie	love
Sophie	unhappiness
Sophie	sentimentalism
Epreuves du sentiment, Henriette et Chariot	love
Epreuves du sentiment, Henriette et Chariot	sentimentalism
Epreuves du sentiment, Valmiers	war
Epreuves du sentiment, Valmiers	sentimentalism
Epreuves du sentiment, Valmiers	sentiment
La duchesse de Châtillon	sentimentalism
La duchesse de Châtillon	sentiment
Epreuves du sentiment, Amélie	unhappiness
Epreuves du sentiment, Amélie	sentimentalism
Epreuves du sentiment, Amélie	sentiment
Epreuves du sentiment, Amélie	travel
La morale des sens	libertinism
Le Comte de Strafford	politics
Le Comte de Strafford	sentimentalism
Œuvres anonymes, mélanges, tome premier	sentimentalism
Œuvres anonymes, mélanges, tome premier	sentiment
Œuvres anonymes, mélanges, tome premier	virtue
Nouvelles historiques, tome troisième	unhappiness
Nouvelles historiques, tome troisième	politics
Nouvelles historiques, tome troisième	sentimentalism
Nouvelles historiques, tome troisième	sentiment
Annamire	melancholia
Annamire	sentiment
Annamire	travel
Lettres taïtiennes	mores
Lettres taïtiennes	sentiment
Nouvelles historiques, Le comte de Gleichen	unhappiness
Nouvelles historiques, Le comte de Gleichen	sentimentalism
Nouvelles historiques, Le comte de Gleichen	sentiment
Nouvelles historiques, Le comte de Gleichen	travel
Caroline	sentimentalism
Caroline	sentiment
Le temple de la mode	love
Le temple de la mode	sentiment
Charlotte Belmont	love
Charlotte Belmont	sentimentalism
Rosalie et Gerblois	love
Rosalie et Gerblois	unhappiness
Rosalie et Gerblois	melancholia
Rosalie et Gerblois	sentimentalism
Ismaél et Christine	love
Ismaél et Christine	war
Ismaél et Christine	sentimentalism
Les veillées du couvent	libertinism
Gérard de Velsen	love
Gérard de Velsen	melancholia
Gérard de Velsen	politics
Gérard de Velsen	sentimentalism
Les catastrophes amoureuses	sentiment
Les catastrophes amoureuses	virtue
Primerose	love
Le nouveau Faublas	gallantary
Le nouveau Faublas	unhappiness
Le nouveau Faublas	sentiment
Clémence de Lautrec	melancholia
Clémence de Lautrec	sentimentalism
Clémence de Lautrec	sentiment
Les amours de Sapho et de Phaon	love
Les amours de Sapho et de Phaon	mourning
Les amours de Sapho et de Phaon	death
Les amours de Sapho et de Phaon	pastorale in litterature
Les amours de Sapho et de Phaon	sentimentalism
Les amours de Sapho et de Phaon	sentiment
Les amours de Sapho et de Phaon	virtue
Les amours de Sapho et de Phaon	Locus amoenus
Les amours de Sapho et de Phaon	Topic 0:[temps paraître encore]
La paysanne pervertie	correspondence
La paysanne pervertie	mourning
La paysanne pervertie	family
La paysanne pervertie	gallantary
La paysanne pervertie	interaction
La paysanne pervertie	unhappiness
La paysanne pervertie	night
La paysanne pervertie	sentimentalism
La paysanne pervertie	village
Justine	crime
Justine	eroticism
Justine	interaction
Justine	unhappiness
Justine	death
Justine	night
Justine	philosophy
Aline et Valcour	love
Aline et Valcour	mourning
Aline et Valcour	interaction
Aline et Valcour	libertinism
Aline et Valcour	migration
Aline et Valcour	philosophy
Aline et Valcour	sentiment
Aline et Valcour	travel
La philosophie dans le boudoir	love
La philosophie dans le boudoir	eroticism
La philosophie dans le boudoir	family
La philosophie dans le boudoir	interaction
La philosophie dans le boudoir	libertinism
La philosophie dans le boudoir	philosophy
La philosophie dans le boudoir	religion
La philosophie dans le boudoir	sentiment
La philosophie dans le boudoir	court
L’anti-Justine	eroticism
L’anti-Justine	family
L’anti-Justine	interaction
L’anti-Justine	libertinism
L’anti-Justine	night
L’anti-Justine	romantic relationship
L’anti-Justine	Topic 0:[temps paraître encore]
Pauliska	happiness
Pauliska	unhappiness
Pauliska	migration
Pauliska	death
Pauliska	night
Pauliska	travel
Pauliska	Topic 0:[temps paraître encore]
Deslacs d’Arcambal	unhappiness
L’observateur sentimental	mores
Le tombeau philosophique	gallantary
Le tombeau philosophique	sentiment
Lettres d’amour du chevalier de ***	gallantary
Lettres d’amour du chevalier de ***	sentiment
Les ressources de l’amour	sentiment
Les têtes folles	love
Les têtes folles	miracle
La trentaine de Cithère	love
La trentaine de Cithère	gallantary
La trentaine de Cithère	libertinism
Mirza et Fatmé	war
Mirza et Fatmé	miracle
Mirza et Fatmé	sentiment
Mirza et Fatmé	travel
L’être pensant	gallantary
L’être pensant	mores
Mémoires de monsieur de Bordeaux	politics
Les aventures de Victoire Ponty	sentimentalism
Les aventures de Victoire Ponty	sentiment
Les aventures de Victoire Ponty	virtue
Les amours de Carite et de Polydore	sentimentalism
Le danger des liaisons	family
Le danger des liaisons	passion
Les plaisirs d’un jour	sentiment
Les amours de Laïs	gallantary
Mémoires en forme de lettres	family
Mémoires en forme de lettres	sentimentalism
Mémoires en forme de lettres	travel
La famille vertueuse	family
La famille vertueuse	sentimentalism
La famille vertueuse	sentiment
La ratomanie	court
Les amis rivaux	unhappiness
Les amis rivaux	sentimentalism
Les amis rivaux	sentiment
Les amis rivaux	virtue
Lucile	family
Lucile	gallantary
Lucile	sentiment
La fille naturelle	family
La fille naturelle	sentimentalism
La fille naturelle	sentiment
Lettres de mistriss Fanni Butlerd	love
Lettres de mistriss Fanni Butlerd	unhappiness
Histoire de M. le marquis de Cressy	melancholia
Histoire de M. le marquis de Cressy	sentiment
Lettres de milady Juliette Catesby	sentimentalism
Lettres de milady Juliette Catesby	sentiment
Les aventures de Periphas	education
Les aventures de Periphas	interaction
Les aventures de Periphas	monarchy
Les aventures de Periphas	death
Les aventures de Periphas	wealth
Les aventures de Periphas	Topic 0:[temps paraître encore]
Émile	aliment
Émile	happiness
Émile	education
Émile	childhood
Émile	philosophy
Émile	sociability
Émile	Topic 25:[point voir moins]
Histoire de miss Jenny	family
Histoire de miss Jenny	unhappiness
Histoire de miss Jenny	sentimentalism
Lettres d’Adélaïde de Dammartin	family
Lettres d’Adélaïde de Dammartin	unhappiness
Lettres d’Adélaïde de Dammartin	sentiment
Lettres de my-lord Rivers	love
Lettres de my-lord Rivers	attraction
Lettres de my-lord Rivers	happiness
Lettres de my-lord Rivers	interaction
Lettres de my-lord Rivers	mores
Lettres de my-lord Rivers	personality
Lettres de my-lord Rivers	sentiment
Lettres de my-lord Rivers	Topic 0:[temps paraître encore]
Firmin	happiness
Firmin	crime
Firmin	interaction
Firmin	revolution
Firmin	wealth
Firmin	travel
Firmin	Topic 0:[temps paraître encore]
Les folies d’un conscrit	gallantary
Les folies d’un conscrit	travel
La jeunesse de Figaro	love
La jeunesse de Figaro	travel
Les prisonniers du Temple	history
Les prisonniers du Temple	melancholia
Les prisonniers du Temple	sentimentalism
Roméo et Juliette	love
Roméo et Juliette	sentimentalism
Amours d’Alzidor et de Charisée	love
Amours d’Alzidor et de Charisée	travel
Le plaisir et la volupté	love
L’éducation du marquis de ***	sentimentalism
L’éducation du marquis de ***	sentiment
Le grelot	gallantary
Le grelot	miracle
Le grelot	travel
Zamor et Almanzine	court
Les faux pas	gallantary
Mademoiselle Javotte	education
Mademoiselle Javotte	gallantary
Callophile	mores
Callophile	philosophy
Le monde moral	family
Le monde moral	melancholia
Le monde moral	sentimentalism
Le monde moral	travel
Le cosmopolite	philosophy
Lettres de deux amans, habitans d’une petite ville au pied des Alpes	love
Lettres de deux amans, habitans d’une petite ville au pied des Alpes	happiness
Lettres de deux amans, habitans d’une petite ville au pied des Alpes	mourning
Lettres de deux amans, habitans d’une petite ville au pied des Alpes	education
Lettres de deux amans, habitans d’une petite ville au pied des Alpes	childhood
Lettres de deux amans, habitans d’une petite ville au pied des Alpes	miracle
Lettres de deux amans, habitans d’une petite ville au pied des Alpes	sentimentalism
Lettres de deux amans, habitans d’une petite ville au pied des Alpes	sentiment
Lettres de deux amans, habitans d’une petite ville au pied des Alpes	Topic 25:[point voir moins]
Alzarac	gallantary
La paysanne philosophe	sentimentalism
La voix de la nature	travel
Lettres de Cécile à Julie	sentimentalism
Lettres de Cécile à Julie	sentiment
Clairval philosophe	unhappiness
Clairval philosophe	sentimentalism
Histoire de mademoiselle de Terville	love
Histoire de mademoiselle de Terville	education
Mémoires d’un homme de bien	mores
Histoire de madame de Bellerive	sentiment
Les ondins	miracle
Les ondins	travel
La Parisienne en province	mores
La Parisienne en province	travel
La jolie femme	gallantary
La jolie femme	mores
Les vicissitudes de la fortune	unhappiness
Guliane	sentiment
Le phasma	love
Voyage d’un prince autour du monde	politics
Voyage d’un prince autour du monde	travel
Lettres d’Elisabeth Sophie de Vallière	unhappiness
Mizrim	politics
Mizrim	court
Télèphe, en XII livres	travel
Télèphe, en XII livres	court
Le roi voyageur	mores
Le roi voyageur	travel
Les écarts du tempérament	eroticism
Les dangers de la sympathie	love
Les dangers de la sympathie	unhappiness
Les dangers de la sympathie	sentimentalism
La foie de Paris	mores
Le danger d’être trop sage	unhappiness
Le danger d’être trop sage	sentimentalism
Histoire de la baronne d’Alvigny	unhappiness
Le doctorat impromptu	libertinism
Les travers d’un homme de qualité	gallantary
Le printemps d’une jolie femme	sentiment
Le danger des circonstances	family
Le danger des circonstances	sentiment
L’isle des philosophes	philosophy
L’isle des philosophes	politics
L’isle des philosophes	travel
Veillées béarnoises	sentiment
Veillées béarnoises	travel
Werthérie	unhappiness
Werthérie	nature
Werthérie	sentimentalism
Mon noviciat	eroticism
Mon noviciat	libertinism
Monrose	eroticism
Honorine Clarins	sentiment
Vie politique de Marie-Louise de Parme	gallantary
Vie politique de Marie-Louise de Parme	history
Les malheurs de la jalousie	love
Les malheurs de la jalousie	unhappiness
Les malheurs de la jalousie	sentimentalism
L’enfant du carnaval	gallantary
Delphina	love
Delphina	court
Stéphanor	shipwrecking
Stéphanor	sentimentalism
Stéphanor	travel
Adonis	sentimentalism
Adonis	slavery
Le château noir	unhappiness
Le château noir	melancholia
Le château noir	sentimentalism
Lise et Valcour	unhappiness
L’Anglais cosmopolite	philosophy
L’Anglais cosmopolite	travel
La cabane mystérieuse	miracle
La cabane mystérieuse	mystery
La cabane mystérieuse	sentimentalism
Paris métamorphosé	mores
Amour, haine et vengeance	love
Amour, haine et vengeance	family
Le délire des passions	unhappiness
Le délire des passions	melancholia
Le délire des passions	sentimentalism
Le délire des passions	travel
Les erreurs de la vie	gallantary
Les erreurs de la vie	sentimentalism
Les faiblesses d’un grand homme	gallantary
Les faiblesses d’un grand homme	sentimentalism
Le triomphe de l’amour et de l’amitié	sentimentalism
Le triomphe de l’amour et de l’amitié	sentiment
Lettres d’Elisabeth Sophie de Vallière	sentimentalism
Lettres d’Elisabeth Sophie de Vallière	sentiment
Lettres	family
Lettres	sentiment
Fo-ka	mores
Les dernières aventures du jeune d’Olban	love
Les dernières aventures du jeune d’Olban	unhappiness
Les dernières aventures du jeune d’Olban	melancholia
Les dernières aventures du jeune d’Olban	sentimentalism
La vertu chancelante	gallantary
La vertu chancelante	melancholia
La vertu chancelante	sentimentalism
La vertu chancelante	sentiment
Histoire de Laurent Marcel	mores
Histoire de Laurent Marcel	travel
Triomphe de l’intolérance	unhappiness
Les amours de Roger et de Gertrude	sentimentalism
Les amours de Roger et de Gertrude	sentiment
Histoire d’Aloïse de Livarot	love
Adélaïde	unhappiness
Adélaïde	sentimentalism
Adélaïde	sentiment
La promenade de province	mores
La promenade de province	travel
Isman	travel
Lettres d’Hortense de Valsin	unhappiness
Lettres d’Hortense de Valsin	sentimentalism
Lettres d’Hortense de Valsin	sentiment
Ulamor et Feltidie	sentiment
La boussole nationale	travel
La boussole nationale	court
Adraste et Nancy	sentiment
La recette du médecin Nicoclès	court
Miss Belhowe et le lord Clarendon	sentimentalism
Miss Belhowe et le lord Clarendon	sentiment
Adèle et Germeuil	love
Adèle et Germeuil	sentimentalism
Les infortunes de Mr. de la Galetierre	unhappiness
Les infortunes de Mr. de la Galetierre	revolution
Les infortunes de Mr. de la Galetierre	sentimentalism
Joseph et Caroline	love
Joseph et Caroline	unhappiness
Joseph et Caroline	melancholia
Joseph et Caroline	sentimentalism
Les barons de Felsheim	gallantary
Les barons de Felsheim	travel
Gemance	sentimentalism
Gemance	sentiment
Angélique et Jeanneton	mores
Angélique et Jeanneton	sentiment
lllyrine	epistolary novel
lllyrine	unhappiness
lllyrine	sentimentalism
La caverne de Strozzi	love
La caverne de Strozzi	unhappiness
La caverne de Strozzi	sentimentalism
L’optique du jour	mores
L’optique du jour	court
Le prêteur sur gages	sentimentalism
Correspondance secrette	love
Correspondance secrette	attraction
Correspondance secrette	happiness
Correspondance secrette	correspondence
Correspondance secrette	epistolary novel
Correspondance secrette	personality
Correspondance secrette	sentiment
Correspondance secrette	court
Correspondance secrette	Topic 18:[point voir jour]
Adèle de Sénange	attraction
Adèle de Sénange	happiness
Adèle de Sénange	mourning
Adèle de Sénange	night
Adèle de Sénange	personality
Adèle de Sénange	sentiment
Adèle de Sénange	Topic 0:[temps paraître encore]
L’émigré	love
L’émigré	attraction
L’émigré	happiness
L’émigré	correspondence
L’émigré	unhappiness
L’émigré	personality
L’émigré	sentiment
L’émigré	Topic 0:[temps paraître encore]
Brick Bolding	gallantary
Brick Bolding	travel
Ardent	travel
Le chevalier Robert	sentiment
Le comte d’A****	travel
Elle et moi	travel
Histoire des passions	love
Histoire des passions	passion
Le temps perdu	gallantary
Mémoires de Lucile	sentiment
Le danger des passions	gallantary
Le danger des passions	melancholia
Le danger des passions	sentimentalism
Le danger des passions	court
L’école de l’amitié	melancholia
L’école de l’amitié	sentimentalism
L’école de l’amitié	sentiment
Mémoires de Schach-Tamas II	court
Candide	travel
Giphantie	nature
Giphantie	philosophy
Giphantie	travel
Mémoires d’un Frivolité	miracle
Mémoires d’un Frivolité	sentiment
Le Jésuite misopogon séraphique	libertinism
Les usages	mores
L’amour éprouvé par la mort	love
L’amour éprouvé par la mort	melancholia
L’amour éprouvé par la mort	sentimentalism
L’amour éprouvé par la mort	sentiment
Le nouvel Abailard	mores
Le nouvel Abailard	philosophy
Le nouvel Abailard	sentiment
Le nouvel Abailard	travel
Histoire des Galligènes	shipwrecking
Mémoires de mademoiselle de Valcourt	family
Mémoires de mademoiselle de Valcourt	unhappiness
Mémoires de mademoiselle de Valcourt	sentimentalism
Mémoires de mademoiselle de Valcourt	sentiment
Dialogues moraux de M. de C***	mores
Dialogues moraux de M. de C***	village
Les amours de Lucile et de Doligny	love
Les amours de Lucile et de Doligny	sentimentalism
Histoire de mademoiselle de Grisoles	politics
Les deux amis	sentiment
Les deux amis	travel
Les soupirs d’Euridice aux Champs-Elysées	passion
Les soupirs d’Euridice aux Champs-Elysées	sentimentalism
Dona Gratia d’Ataïde	love
Dona Gratia d’Ataïde	history
Dona Gratia d’Ataïde	court
Voyage à Ceilan	philosophy
Voyage à Ceilan	travel
Henriette et Lucie	sentimentalism
Henriette et Lucie	sentiment
Jeanne Gray	love
Jeanne Gray	sentimentalism
Berthold, prince de Moravie	sentimentalism
Berthold, prince de Moravie	sentiment
Berthold, prince de Moravie	court
Clémence d’Entragues	war
Clémence d’Entragues	sentimentalism
Clémence d’Entragues	sentiment
Elizène	sentimentalism
Elizène	sentiment
Le Décaméron françois	sentimentalism
Le Décaméron françois	sentiment
Jean sans peur	politics
Jean sans peur	sentimentalism
Raymond et Mariane	love
Raymond et Mariane	war
Raymond et Mariane	unhappiness
Raymond et Mariane	sentimentalism
Roger et Victor de Sabran	sentimentalism
Roger et Victor de Sabran	sentiment
Nouvelles françaises	unhappiness
La fille naturelle	virtue
Lettres de lord Austin de N**	family
Lettres de lord Austin de N**	sentimentalism
Le pied de Fanchette	gallantary
Betsi	sentimentalism
Betsi	virtue
Adélaïde	love
Adélaïde	unhappiness
Adélaïde	sentimentalism
Les deux amis	sentimentalism
Les deux amis	sentiment
Les deux amis	virtue
Le dépit et le voyage	love
Le dépit et le voyage	sentimentalism
Le marquis de T***	education
Le marquis de T***	family
Le marquis de T***	philosophy
Zéphirine	virtue
Adèle de Comm **	family
La femme dans les trois états	education
La femme dans les trois états	gallantary
Le ménage parisien	gallantary
Les nouveaux mémoires	family
L’école des pères	education
Le paysan perverti	sentimentalism
La quinzaine angloise à Paris	mores
Ah! que c’est bête!	miracle
Le quadragénaire	love
Le quadragénaire	sentiment
Le nouvel Abeilard	love
Le nouvel Abeilard	sentimentalism
Le nouvel Abeilard	sentiment
La vie de mon père	sentimentalism
Les contemporaines	mores
La malédiction paternelle	gallantary
La malédiction paternelle	sentimentalism
La découverte australe par un homme-volant	mores
La découverte australe par un homme-volant	philosophy
La découverte australe par un homme-volant	travel
La dernière avanture	passion
La dernière avanture	sentiment
Les veillées du Marais	education
Les veillées du Marais	miracle
Les veillées du Marais	mores
Les veillées du Marais	philosophy
Le vice et la foiblesse	gallantary
Les confessions d’un Anglois	gallantary
Supplément à la Quinzaine angloise	gallantary
Histoire d’une détention	unhappiness
Voyage du jeune Anacharsis	travel
Voyage du jeune Anacharsis	court
Alphonsine	family
Alphonsine	unhappiness
Sabina d’Herfeld	love
Sabina d’Herfeld	unhappiness
Sabina d’Herfeld	melancholia
Sabina d’Herfeld	sentimentalism
La nouvelle Justine	eroticism
La nouvelle Justine	libertinism
Zephyre	sentiment
Alphonse d’Armoncourt	sentiment
Aphrodite	sentiment
Aphrodite	travel
Nos folies	gallantary
Nos folies	morality
Le crocodile	miracle
Le crocodile	philosophy
Histoire de la félicité	gallantary
Histoire de la félicité	nature
Le Micromégas	philosophy
Le Micromégas	travel
Candide	aliment
Candide	mourning
Candide	migration
Candide	wealth
Candide	sociability
Candide	travel
Candide	Topic 18:[point voir jour]
L'homme aux quarante ecus	aliment
L'homme aux quarante ecus	art
L'homme aux quarante ecus	unhappiness
L'homme aux quarante ecus	migration
L'homme aux quarante ecus	monarchy
L'homme aux quarante ecus	nature
L'homme aux quarante ecus	night
L'homme aux quarante ecus	philosophy
L'homme aux quarante ecus	wealth
L'homme aux quarante ecus	sociability
L'homme aux quarante ecus	travel
L'homme aux quarante ecus	Topic 18:[point voir jour]
Zély	love
Zély	attraction
Zély	happiness
Zély	interaction
Zély	personality
Zély	sentiment
Zély	Topic 0:[temps paraître encore]
Le roi Guiot	education
Betzi	love
Betzi	sentimentalism
Antoine et Jeannette	unhappiness
Antoine et Jeannette	travel
Le beau-frère supposé	sentimentalism
L’infortuné Français	sentimentalism
L’infortuné Français	travel
La jardinière de Vincennes	love
La jardinière de Vincennes	sentiment
Mémoires de mesdemoiselles de Marsange	family
Mémoires de mesdemoiselles de Marsange	sentiment
Le voyageur philosophe	travel
Rousseau	travel
Rousseau	court
L’écolier en vacance	travel
Lettres de miss Élisabeth Auréli	love
Lettres de miss Élisabeth Auréli	travel
L’Ingénu	politics
L’Ingénu	sentimentalism
Le temps et la patience	court
La princesse de Babilone	miracle
La princesse de Babilone	mores
La princesse de Babilone	philosophy
La princesse de Babilone	travel
Les choses utiles et agréables	unhappiness
Les choses utiles et agréables	philosophy
Les choses utiles et agréables	travel
Le taureau blanc	philosophy
Don Pedre	travel
Histoire de Jenni	philosophy
Histoire de Jenni	travel
Nouveaux mélanges philosophiques	philosophy
Mémoires de monsieur de Saint-Gory	travel
Les aveux d’une femme galante	mores
Les aveux d’une femme galante	sentimentalism
L’art de corriger	sentiment
Le char volant	mores
Le char volant	travel
Le nouveau continent	miracle
Le danger d’aimer un étranger	unhappiness
Le danger d’aimer un étranger	sentimentalism
Alida et Dorval	politics
Alida et Dorval	travel
Le voyageur sentimental	travel
La Franciade	nature
La Franciade	sentimentalism
Journal de Lolotte	sentiment
La vie et l’oeuvre de feu l’abbé Bazin	gallantary
La vie et l’oeuvre de feu l’abbé Bazin	mores
La vie et l’oeuvre de feu l’abbé Bazin	travel
Adélaide de Clarencé	love
Adélaide de Clarencé	unhappiness
Adélaide de Clarencé	virtue
Hélène	sentimentalism
Hélène	sentiment
L’île de Wight	unhappiness
L’île de Wight	melancholia
L’île de Wight	sentimentalism
Le voyageur sentimental	travel
Maria	unhappiness
Maria	melancholia
Maria	mystery
Maria	sentimentalism
Nouvelles françaises	politics
Nouvelles françaises	sentimentalism
Nouvelles françaises	sentiment
Françoise de Foix	sentimentalism
Françoise de Foix	sentiment
Thélaire	love
Thélaire	unhappiness
Volsidor et Zulménic	gallantary
Anecdotes de la cour	sentiment
Anecdotes de la cour	court
Faldoni et Thérèse	love
Faldoni et Thérèse	sentimentalism
Angélique de Limeuil	sentimentalism
Angélique de Limeuil	sentiment
Les deux Sophies	family
Les deux Sophies	sentimentalism
La vertu chancelante	gallantary
La vertu chancelante	melancholia
La vertu chancelante	sentimentalism
La vertu chancelante	sentiment
Lettres de Stéphanie	love
Lettres de Stéphanie	unhappiness
Lettres de Stéphanie	sentimentalism
Sainte-Agnès et Corneville	love
Charlotte de Savoie, reine de France	love
Charlotte de Savoie, reine de France	unhappiness
Charlotte de Savoie, reine de France	sentimentalism
Voltairimeros	travel
Traduction libre d’Amadis de Gaule	chivalry
Traduction libre d’Amadis de Gaule	miracle
Marie de Bourgogne	love
Marie de Bourgogne	unhappiness
Marie de Bourgogne	sentimentalism
Françoise de Beauville	love
Françoise de Beauville	unhappiness
Françoise de Beauville	sentimentalism
Alexis	unhappiness
L’Abailard supposé	sentimentalism
L’Abailard supposé	sentiment
Histoire du petit Jehan de Saintré	chivalry
Histoire du petit Jehan de Saintré	sentiment
Le prince Gérard	chivalry
Le prince Gérard	sentiment
L’aveugle par amour	unhappiness
L’aveugle par amour	sentimentalism
L’aveugle par amour	sentiment
Dubois et Gioconda	sentimentalism
Dubois et Gioconda	sentiment
Les aventures du comte de Rivière	history
Les aventures du comte de Rivière	sentimentalism
Les aventures du comte de Rivière	sentiment
Charles de France	history
Charles de France	sentimentalism
Charles de France	sentiment
La disgrâce de Comines	history
La disgrâce de Comines	sentimentalism
La disgrâce de Comines	sentiment
Les amours du comte d’Angoulême	history
Les amours du comte d’Angoulême	sentimentalism
Les amours du comte d’Angoulême	sentiment
Le voyage des Muses	travel
Mémoires d’Anne de Gonzagues	court
Histoire de mademoiselle de Sirval	sentimentalism
Histoire de mademoiselle de Sirval	sentiment
Histoire de mademoiselle de Sirval	virtue
Zilia	love
Narrations d’Omaï	war
Narrations d’Omaï	mores
Narrations d’Omaï	travel
La femme jalouse	love
Les deux cousins	miracle
Les deux cousins	politics
Les deux cousins	travel
Le martyr de la liberté	unhappiness
Le martyr de la liberté	politics
Le martyr de la liberté	sentimentalism
Les prémices d’Annette	love
Necker, baronne de Zulma	passion
Cyrus et Milto	politics
Emilie et Alphonse	sentimentalism
Emilie et Alphonse	sentiment
Pauline de Vergies	sentimentalism
Pauline de Vergies	sentiment
La fille hussard	sentimentalism
Le poète	gallantary
Amelie de Beaufort	love
Amelie de Beaufort	gallantary
Amelie de Beaufort	sentimentalism
Zénobie	unhappiness
Zénobie	sentimentalism
Le vieux de la montagne	miracle
Le vieux de la montagne	philosophy
Emilie	love
Emilie	sentimentalism
Laura et Inesille	sentimentalism
Laura et Inesille	sentiment
Laura et Inesille	travel
Edouard et Arabelle	family
Un mois d’hiver d’Alphonse	gallantary
Le royalisme	history
Le royalisme	melancholia
Le royalisme	sentimentalism
Trapue, reine des Topinainboux	mores
Trapue, reine des Topinainboux	travel
Lettres à myladi ***	court
Le philosophe sans prétention	philosophy
Le philosophe sans prétention	travel
Ouvrage sans titre	sentimentalism
Entretiens, drames et contes moraux	court
Le temple de l’amour et de l’hymen	love
Le temple de l’amour et de l’hymen	mores
Le flageolet	unhappiness
Le flageolet	nature
Normandie	war
Les ressources de la vertu	sentimentalism
Les ressources de la vertu	sentiment
Les ressources de la vertu	virtue
L’Amérique découverte	miracle
Nouvelles	unhappiness
Nouvelles	sentimentalism
Nouvelles	sentiment
Aabba	sentimentalism
Aabba	sentiment
Eusèbe	unhappiness
Eusèbe	mores
Eusèbe	virtue
Eugénie et ses élèves	court
La méchante femme et le bon jeune homme	gallantary
La méchante femme et le bon jeune homme	unhappiness
La méchante femme et le bon jeune homme	travel
Le mal-adroit	mores
Le mal-adroit	sentiment
Le nègre comme il y a peu de blancs	travel
Roman historique, philosophique et politique	politics
Les Bohémiens	travel
Les visites par mademoiselle D** K***	mores
Dorbeuil et Céliane de Valran	unhappiness
Dorbeuil et Céliane de Valran	sentiment
Dorbeuil et Céliane de Valran	travel
Nérine	unhappiness
Voyages d’Anténor	travel
Les dangers de l’intrigue	unhappiness
Minuit	gallantary
Minuit	sentimentalism
Antoine	family
Antoine	sentimentalism
Ernesta	sentimentalism
Ernesta	sentiment
Asgill	sentimentalism
Asgill	sentiment
Richard Bodley	sentiment
Aventures et plaisante éducation	chivalry
Aventures et plaisante éducation	travel
L’heureux jeune homme	philosophy
L’heureux jeune homme	travel
L’hypocrite démasqué	sentimentalism
L’hypocrite démasqué	sentiment
Tout est possible à l’amitié	sentimentalism
Tout est possible à l’amitié	sentiment
Le comte de Saint-Méran	mores
Justine d’Arancy	melancholia
Justine d’Arancy	sentimentalism
Lettres de mylord Walton	family
Le roman sans titre	gallantary
Lisvart de Grèce	chivalry
Lisvart de Grèce	miracle
Suite du Comte de Saint-Méran	unhappiness
Suite du Comte de Saint-Méran	sentimentalism
Suite du Comte de Saint-Méran	virtue
Camille et Formose	love
Camille et Formose	unhappiness
Camille et Formose	shipwrecking
Camille et Formose	sentimentalism
Camille et Formose	travel
Les trois sœurs	sentimentalism
Les trois sœurs	sentiment
Marcoméris	love
Marcoméris	court
Rose d’Amblainville	love
Rose d’Amblainville	morality
Les trois frères	love
Les trois frères	court
Charles de Rosenfeld	love
Charles de Rosenfeld	philosophy
Théobald Leymour	gallantary
Théobald Leymour	mystery
Théobald Leymour	sentimentalism
Voyages de Pythagore	mores
Voyages de Pythagore	travel
